channel,title,control
Dreaming Cooper - Topic,Journey to Deep Space,dreaming cooper journey to deep space
matusalencillo,ANTONIO MOLINA. TE COMPARE CON LA LUNA, antonio molina Te Compare Con la Luna
Antonio Molina - Topic,Una Rosa y un Jazmin (feat. Eduardo Martinez),antonio molina una rosa y un jazmin
Earache Records,Wormrot - Behind Closed Doors (Official Video),wormrot behind closed doors
å´è¶… - Topic,ç¦å· (å®Œæ•´ç‰ˆ), å´è¶… ç¦å·
Degoust74,ğ€ğ®ğ«ğ¨ğ«ğš ğğ¨ğ«ğğšğ¥ğ¢ğ¬ - ğ“ğ¡ğ ğŒğ¢ğ¥ğ¤ğ² ğ–ğšğ² (ğŸğŸ—ğŸ—ğŸ’),aurora borealis the milky way
CHUBYKIN,ĞĞ»ĞµĞ³ Ğ§ÑƒĞ±Ñ‹ĞºĞ¸Ğ½ - Ğ›ĞµÑ‚Ğ¾ Ğ½Ğ°Ğ²ÑĞµĞ³Ğ´Ğ°,ĞĞ»ĞµĞ³ Ğ§ÑƒĞ±Ñ‹ĞºĞ¸Ğ½ Ğ›ĞµÑ‚Ğ¾ Ğ½Ğ°Ğ²ÑĞµĞ³Ğ´Ğ°
Music in the Air,é™¸æ”¿å»· - å¥½ä¹…ä¸è¦‹ã€å¥½ä¹…ä¸è¦‹ ç•¶ä½ çœ‹åˆ°æˆ‘å‡ºç¾ã€ã€å‹•æ…‹æ­Œè©ã€‘,é™¸æ”¿å»· - å¥½ä¹…ä¸è¦‹
J-Worry - Topic,Native Nativity Nascene Naughty Naughtiness Nice Night Needle Network New Nestling Newborn...,j-worry Native Nativity Nascene Naughty Naughtiness Nice Night Needle Network New Nestling Newborn Network Neonate Neighbor Neighborhood Noble Nobleness North North Pole Noel Nostelgia Nocturnal Nourish Nourishment November Nut Nutmeg Nutcracker Nutc
T-Series Apna Punjab,JAY KAHLON AKH TERI LADEGI FULL VIDEO SONG | NAHI SARDA,Jay Kahlon AKH TERI LADEGI
Aida Bossa Music,AZÃšCA / EL LORO Y LA LORA (Canto de TradiciÃ³n Oral) (Video oficial),Aida Bossa Azuca El Loro y La Lora
Wave Bhojpuri Music,à¤¸à¥à¤¨ à¤—à¥‡ à¤›à¥Œà¤¡à¥€ à¤¬à¤‚à¤—à¤¾à¤² à¤µà¤¾à¤²à¥€ - Bangal Ke Maal Hiya - Manish Mukharji - Superhit Bhojpuri Song 2020,Bangal Ke Maal Hiya Manish Mukharji
Electric Chapel,Electric Chapel x Jade Shadi x Trackula -  If Only We Were Dancing | Official Lyric Video,Electric Chapel If Only We Were Dancing
Mark Mulcahy,"Mark Mulcahy - ""Let the Fireflies Fly Away"" (Official video)",Mark Mulcahy Let the Fireflies Fly Away
×’×™×œ ×‘×¨ ×”×“×¡ Gil Bar Hadas,×’×™×œ ×‘×¨ ×”×“×¡ ×•××‘×™×’×™×™×œ ×¨×•×– - ×œ× ×”×ª×›×•×•× ×• ×œ×¢×›×©×™×•,×œ× ×”×ª×›×•×•× ×• ×œ×¢×›×©×™×• (×’×¨×¡×ª ×¨×“×™×•)
Perplexity Music / Pulse,Maiga - Vincenzo (Original Mix) [Free Download],maiga vincenzo
CHROME CUT RECORDS,NOVELIST - DUN KNO (T!M BOOTLEG) (FREE DOWNLOAD),novelist dun kno t!m bootleg
Noah Stromberg,Noah Stromberg - Hurricane (feat. Storyboards) [Dripice Remix] || Summer Sounds Release,noah stromberg hurricane dripice remix
DAITSONG MUSIC,Enya - Orinoco Flow (Sail Away) / 2009 Remaster / FLAC,enya orinoco flow 2009 remaster